,PP_TP,PP_TN,PP_FN,PP_FP,PP_tot,F1,meanTPPP_dgsize
0,54,15,13,15,70,0.611344537815126,1.707388919689045
