,PP_TP,PP_TN,PP_FN,PP_FP,PP_tot,F1,meanTPPP_dgsize
0,57,20,6,15,70,0.694949494949495,1.688084444247115
