,PP_TP,PP_TN,PP_FN,PP_FP,PP_tot,F1,meanTPPP_dgsize
0,49,36,20,3,70,0.7260595951171431,1.65046079424303
