,PP_TP,PP_TN,PP_FN,PP_FP,PP_tot,F1,meanTPPP_dgsize
0,40,33,29,3,70,0.6544401544401545,1.6856566855497184
