,SH_TP,SH_TN,SH_FN,SH_FP,SH_tot,F1,meanTPSH_dgsize
0,15,54,23,17,38,0.611344537815126,4.954612176364748
