,SH_TP,SH_TN,SH_FN,SH_FP,SH_tot,F1,meanTPSH_dgsize
0,33,40,5,40,38,0.6544401544401545,2.8984743997754827
