,SH_TP,SH_TN,SH_FN,SH_FP,SH_tot,F1,meanTPSH_dgsize
0,35,50,3,36,38,0.7260595951171431,3.03320702023225
