,SH_TP,SH_TN,SH_FN,SH_FP,SH_tot,F1,meanTPSH_dgsize
0,18,59,20,10,38,0.694949494949495,4.413453458299003
