"sim_id","simi","wl","cr","pp","bulk"
"FID_00021",0.455371153174219,0.33,0.183333333333333,0.78,0.526666666666667
