"sim_id","simi","wl","cr","pp","bulk"
"FID_00042",0.50441871931945,0.42,0.146666666666667,0.87,0.58
