"sim_id","simi","wl","cr","pp","bulk"
"FID_00036",0.560582425014604,0.586666666666667,0.13,0.876666666666667,0.643333333333333
