"sim_id","simi","wl","cr","pp","bulk"
"FID_00022",0.499226600532541,0.393333333333333,0.15,0.82,0.636666666666667
