"sim_id","simi","wl","cr","pp","bulk"
"FID_00026",0.582108646093965,0.623333333333333,0.183333333333333,0.883333333333333,0.64
