"sim_id","simi","wl","cr","pp","bulk"
"FID_00032",0.487709805189024,0.306666666666667,0.183333333333333,0.873333333333333,0.59
