"sim_id","simi","wl","cr","pp","bulk"
"FID_00007",0.478015207794077,0.326666666666667,0.176666666666667,0.846666666666667,0.56
