"sim_id","simi","wl","cr","pp","bulk"
"FID_00029",0.466720709707627,0.323333333333333,0.176666666666667,0.83,0.536666666666667
