"sim_id","simi","wl","cr","pp","bulk"
"FID_00052",0.489306917282019,0.306666666666667,0.183333333333333,0.873333333333333,0.6
