"sim_id","simi","wl","cr","pp","bulk"
"FID_00019",0.468440725171904,0.336666666666667,0.176666666666667,0.85,0.51
