"sim_id","simi","wl","cr","pp","bulk"
"FID_00017",0.438881624321037,0.313333333333333,0.16,0.75,0.536666666666667
