"sim_id","simi","wl","cr","pp","bulk"
"FID_00009",0.470415483848311,0.426666666666667,0.176666666666667,0.75,0.53
