"sim_id","simi","wl","cr","pp","bulk"
"FID_00011",0.477607154772958,0.346666666666667,0.17,0.826666666666667,0.57
