"sim_id","simi","wl","cr","pp","bulk"
"FID_00048",0.573406528492657,0.586666666666667,0.14,0.883333333333333,0.683333333333333
