"sim_id","simi","wl","cr","pp","bulk"
"FID_00045",0.491261911606557,0.456666666666667,0.163333333333333,0.796666666666667,0.553333333333333
