"sim_id","simi","wl","cr","pp","bulk"
"FID_00055",0.470186101259023,0.323333333333333,0.176666666666667,0.843333333333333,0.536666666666667
