"sim_id","simi","wl","cr","pp","bulk"
"FID_00041",0.445835032216415,0.29,0.176666666666667,0.773333333333333,0.543333333333333
