"sim_id","simi","wl","cr","pp","bulk"
"FID_00018",0.516969042163541,0.436666666666667,0.173333333333333,0.86,0.6
