"sim_id","simi","wl","cr","pp","bulk"
"FID_00020",0.487227344566744,0.353333333333333,0.15,0.84,0.603333333333333
