"sim_id","simi","wl","cr","pp","bulk"
"FID_00033",0.452662264819211,0.29,0.15,0.8,0.573333333333333
