"sim_id","simi","wl","cr","pp","bulk"
"FID_00001",0.593350309347376,0.75,0.163333333333333,0.846666666666667,0.613333333333333
