"sim_id","simi","wl","cr","pp","bulk"
"FID_00053",0.449954947827849,0.3,0.166666666666667,0.796666666666667,0.536666666666667
