"sim_id","simi","wl","cr","pp","bulk"
"FID_00047",0.459272326620366,0.316666666666667,0.166666666666667,0.833333333333333,0.516666666666667
