"sim_id","simi","wl","cr","pp","bulk"
"FID_00010",0.510795707676035,0.48,0.146666666666667,0.813333333333333,0.606666666666667
