"sim_id","simi","wl","cr","pp","bulk"
"FID_00013",0.572006486852622,0.7,0.163333333333333,0.8,0.623333333333333
