"sim_id","simi","wl","cr","pp","bulk"
"FID_00008",0.472900415413257,0.323333333333333,0.15,0.796666666666667,0.626666666666667
