"sim_id","simi","wl","cr","pp","bulk"
"FID_00015",0.586039249121619,0.7,0.163333333333333,0.86,0.62
