"sim_id","simi","wl","cr","pp","bulk"
"FID_00006",0.526284873289918,0.526666666666667,0.143333333333333,0.83,0.61
