"sim_id","simi","wl","cr","pp","bulk"
"FID_00046",0.493328411563525,0.33,0.183333333333333,0.866666666666667,0.6
