"sim_id","simi","wl","cr","pp","bulk"
"FID_00039",0.576835468649116,0.7,0.183333333333333,0.846666666666667,0.576666666666667
