"sim_id","simi","wl","cr","pp","bulk"
"FID_00044",0.487434653402346,0.3,0.183333333333333,0.873333333333333,0.596666666666667
