"sim_id","simi","wl","cr","pp","bulk"
"FID_00030",0.498189675851023,0.35,0.183333333333333,0.886666666666667,0.573333333333333
