"sim_id","simi","wl","cr","pp","bulk"
"FID_00014",0.597383190612003,0.646666666666667,0.156666666666667,0.883333333333333,0.703333333333333
