"sim_id","simi","wl","cr","pp","bulk"
"FID_00058",0.488526259775742,0.333333333333333,0.18,0.863333333333333,0.576666666666667
