"sim_id","simi","wl","cr","pp","bulk"
"FID_00040",0.490919557745633,0.336666666666667,0.183333333333333,0.873333333333333,0.57
