"sim_id","simi","wl","cr","pp","bulk"
"FID_00059",0.482964479851676,0.393333333333333,0.176666666666667,0.84,0.526666666666667
