"sim_id","simi","wl","cr","pp","bulk"
"FID_00016",0.481824305623694,0.37,0.146666666666667,0.823333333333333,0.586666666666667
