"sim_id","simi","wl","cr","pp","bulk"
"FID_00012",0.569632757982933,0.57,0.133333333333333,0.873333333333333,0.703333333333333
