"sim_id","simi","wl","cr","pp","bulk"
"FID_00005",0.481694804234035,0.423333333333333,0.166666666666667,0.773333333333333,0.566666666666667
