"sim_id","simi","wl","cr","pp","bulk"
"FID_00000",0.556941733246003,0.52,0.18,0.876666666666667,0.65
