"sim_id","simi","wl","cr","pp","bulk"
"FID_00004",0.496781031567418,0.456666666666667,0.146666666666667,0.79,0.59
