"sim_id","simi","wl","cr","pp","bulk"
"FID_00023",0.51936696089495,0.493333333333333,0.18,0.863333333333333,0.543333333333333
