"sim_id","simi","wl","cr","pp","bulk"
"FID_00035",0.460988352250868,0.29,0.17,0.823333333333333,0.56
