"sim_id","simi","wl","cr","pp","bulk"
"FID_00056",0.484342750671157,0.3,0.18,0.873333333333333,0.586666666666667
