"sim_id","simi","wl","cr","pp","bulk"
"FID_00049",0.542249578187971,0.593333333333333,0.183333333333333,0.803333333333333,0.59
