"sim_id","simi","wl","cr","pp","bulk"
"FID_00027",0.596816509400131,0.75,0.156666666666667,0.863333333333333,0.616666666666667
