"sim_id","simi","wl","cr","pp","bulk"
"FID_00050",0.59073154717439,0.653333333333333,0.183333333333333,0.89,0.636666666666667
