"sim_id","simi","wl","cr","pp","bulk"
"FID_00034",0.486358617638597,0.306666666666667,0.183333333333333,0.876666666666667,0.58
