"sim_id","simi","wl","cr","pp","bulk"
"FID_00054",0.50044886073779,0.403333333333333,0.15,0.87,0.576666666666667
