"sim_id","simi","wl","cr","pp","bulk"
"FID_00037",0.548924669710397,0.596666666666667,0.183333333333333,0.816666666666667,0.6
