"sim_id","simi","wl","cr","pp","bulk"
"FID_00038",0.555913728659387,0.52,0.176666666666667,0.883333333333333,0.643333333333333
