"sim_id","simi","wl","cr","pp","bulk"
"FID_00002",0.492125701195703,0.33,0.183333333333333,0.88,0.583333333333333
