"sim_id","simi","wl","cr","pp","bulk"
"FID_00043",0.465962924443722,0.316666666666667,0.176666666666667,0.84,0.53
