"sim_id","simi","wl","cr","pp","bulk"
"FID_00051",0.534418985582585,0.546666666666667,0.166666666666667,0.863333333333333,0.56
