"sim_id","simi","wl","cr","pp","bulk"
"FID_00031",0.462402960547258,0.29,0.176666666666667,0.833333333333333,0.546666666666667
